[
  {
    "text": "In the beginning God created the heaven and the earth. (1)\nAnd the earth was without form, and void; and darkness was upon the face of the deep. (2)\nAnd the Spirit of God moved upon the face of the waters. (3)\nAnd God said, Let there be light: and there was light. (4)\nAnd God saw the light, that it was good: and God divided the light from the darkness. (5)"
  },
  {
    "text": "The Lord is my shepherd; I shall not want. (1)\nHe maketh me to lie down in green pastures: he leadeth me beside the still waters. (2)\nHe restoreth my soul: he leadeth me in the paths of righteousness for his name's sake. (3)\nYea, though I walk through the valley of the shadow of death, I will fear no evil: for thou art with me. (4)"
  },
  {
    "text": "For God so loved the world, that he gave his only begotten Son, that whosoever believeth in him should not perish, but have everlasting life. (1)"
  },
  {
    "text": "I can do all things through Christ which strengtheneth me. (1)"
  },
  {
    "text": "Trust in the Lord with all thine heart; and lean not unto thine own understanding. (1)\nIn all thy ways acknowledge him, and he shall direct thy paths. (2)"
  }
]
